{
"lengthUnit": "mil",
"components": {
	"fields": ["COMPONENT_NO", "COMPONENT_NAME", "LAYER", "X_COORDINATE", "Y_COORDINATE", "ANGLE"],
	"rows": [
		[1, "PAD1", "T", 360.25, -1024.26, 0],
		[2, "PAD2", "T", 360.25, -1016.38, 0],
		[3, "PAD3", "T", 328.41, -1271.56, 0],
		[4, "PAD4", "T", 328.41, -1281.3, 0],
		[5, "PAD5", "T", 328.41, -1479.58, 0],
		[6, "PAD6", "T", 348.44, -1477.01, 0]
	]
},
"pins": {
	"fields": ["PIN_NO", "PIN_NAME", "PIN_X", "PIN_Y", "LAYER", "PIN_TYPE", "NET_NAME", "NET_TYPE", "PAD_SHAPE", "PAD_SIZEX", "PAD_SIZEY", "HOLE_SIZE", "PAD_ANGLE"],
	"rows": [
		[1, "PAD1_1", 360.25, -1024.26, "T", "SMD", "2", "", "C", 0.1, 0.1, 0, 0],
		[2, "PAD2_1", 360.25, -1016.38, "T", "SMD", "2", "", "C", 0.1, 0.1, 0, 0],
		[3, "PAD3_1", 328.41, -1271.56, "T", "SMD", "2", "", "C", 0.1, 0.1, 0, 0],
		[4, "PAD4_1", 328.41, -1281.3, "T", "SMD", "2", "", "C", 0.1, 0.1, 0, 0],
		[5, "PAD5_1", 328.41, -1479.58, "T", "SMD", "2", "", "C", 0.1, 0.1, 0, 0],
		[6, "PAD6_1", 348.44, -1477.01, "T", "SMD", "2", "", "C", 0.1, 0.1, 0, 0]
	]
}
}